a_state_code,a_state_name,b_state_code,b_state_name,inflow,outflow,net_migration
1,Alabama,10,Delaware,48,148,-100
1,Alabama,11,District of Columbia,212,310,-98
1,Alabama,12,Florida,14362,11524,2838
1,Alabama,13,Georgia,21417,17131,4286
1,Alabama,15,Hawaii,920,564,356
1,Alabama,16,Idaho,217,141,76
1,Alabama,17,Illinois,2635,1889,746
1,Alabama,18,Indiana,1592,1362,230
1,Alabama,19,Iowa,508,531,-23
1,Alabama,2,Alaska,772,632,140
1,Alabama,20,Kansas,909,670,239
1,Alabama,21,Kentucky,2173,1873,300
1,Alabama,22,Louisiana,1745,3805,-2060
1,Alabama,23,Maine,68,133,-65
1,Alabama,24,Maryland,1258,1170,88
1,Alabama,25,Massachusetts,733,396,337
1,Alabama,26,Michigan,2568,2468,100
1,Alabama,27,Minnesota,349,315,34
1,Alabama,28,Mississippi,7087,6467,620
1,Alabama,29,Missouri,1608,2094,-486
1,Alabama,30,Montana,335,140,195
1,Alabama,31,Nebraska,170,326,-156
1,Alabama,32,Nevada,701,705,-4
1,Alabama,33,New Hampshire,150,115,35
1,Alabama,34,New Jersey,731,305,426
1,Alabama,35,New Mexico,992,289,703
1,Alabama,36,New York,2477,1198,1279
1,Alabama,37,North Carolina,4319,3882,437
1,Alabama,38,North Dakota,306,123,183
1,Alabama,39,Ohio,2531,2009,522
1,Alabama,4,Arizona,1236,1064,172
1,Alabama,40,Oklahoma,922,871,51
1,Alabama,41,Oregon,447,297,150
1,Alabama,42,Pennsylvania,1440,1432,8
1,Alabama,44,Rhode Island,233,191,42
1,Alabama,45,South Carolina,2071,2408,-337
1,Alabama,46,South Dakota,95,41,54
1,Alabama,47,Tennessee,8167,8697,-530
1,Alabama,48,Texas,6687,7839,-1152
1,Alabama,49,Utah,813,487,326
1,Alabama,5,Arkansas,1073,1112,-39
1,Alabama,50,Vermont,70,43,27
1,Alabama,51,Virginia,3480,3050,430
1,Alabama,53,Washington,767,1110,-343
1,Alabama,54,West Virginia,585,268,317
1,Alabama,55,Wisconsin,563,538,25
1,Alabama,56,Wyoming,237,177,60
1,Alabama,6,California,4382,5076,-694
1,Alabama,72,Puerto Rico,300,318,-18
1,Alabama,8,Colorado,1661,2341,-680
1,Alabama,9,Connecticut,650,408,242
1,Alabama,AFR,Africa,601,0,0
1,Alabama,ASI,Asia,6236,0,0
1,Alabama,CAM,Central America,1429,0,0
1,Alabama,CAR,Caribbean,1214,0,0
1,Alabama,EUR,Europe,2728,0,0
1,Alabama,ISL,U.S. Island Areas,176,0,0
1,Alabama,NAM,Northern America,424,0,0
1,Alabama,OCE,Oceania and At Sea,288,0,0
1,Alabama,SAM,South America,881,0,0
5,Arkansas,1,Alabama,1112,1073,39
5,Arkansas,10,Delaware,5,0,5
5,Arkansas,11,District of Columbia,156,86,70
5,Arkansas,12,Florida,1903,3453,-1550
5,Arkansas,13,Georgia,2482,1866,616
5,Arkansas,15,Hawaii,128,72,56
5,Arkansas,16,Idaho,157,693,-536
5,Arkansas,17,Illinois,2846,1789,1057
5,Arkansas,18,Indiana,880,962,-82
5,Arkansas,19,Iowa,619,916,-297
5,Arkansas,2,Alaska,372,164,208
5,Arkansas,20,Kansas,1466,1406,60
5,Arkansas,21,Kentucky,1011,496,515
5,Arkansas,22,Louisiana,3260,2257,1003
5,Arkansas,23,Maine,14,2,12
5,Arkansas,24,Maryland,500,281,219
5,Arkansas,25,Massachusetts,182,352,-170
5,Arkansas,26,Michigan,990,1339,-349
5,Arkansas,27,Minnesota,463,655,-192
5,Arkansas,28,Mississippi,2983,2045,938
5,Arkansas,29,Missouri,6912,7855,-943
5,Arkansas,30,Montana,253,429,-176
5,Arkansas,31,Nebraska,401,407,-6
5,Arkansas,32,Nevada,506,526,-20
5,Arkansas,33,New Hampshire,79,262,-183
5,Arkansas,34,New Jersey,267,224,43
5,Arkansas,35,New Mexico,399,221,178
5,Arkansas,36,New York,768,714,54
5,Arkansas,37,North Carolina,1257,865,392
5,Arkansas,38,North Dakota,68,127,-59
5,Arkansas,39,Ohio,690,1146,-456
5,Arkansas,4,Arizona,1091,1027,64
5,Arkansas,40,Oklahoma,7161,7411,-250
5,Arkansas,41,Oregon,421,640,-219
5,Arkansas,42,Pennsylvania,831,862,-31
5,Arkansas,44,Rhode Island,10,57,-47
5,Arkansas,45,South Carolina,396,1071,-675
5,Arkansas,46,South Dakota,49,106,-57
5,Arkansas,47,Tennessee,4655,5796,-1141
5,Arkansas,48,Texas,15042,13600,1442
5,Arkansas,49,Utah,610,634,-24
5,Arkansas,50,Vermont,9,4,5
5,Arkansas,51,Virginia,1012,695,317
5,Arkansas,53,Washington,1028,1229,-201
5,Arkansas,54,West Virginia,146,167,-21
5,Arkansas,55,Wisconsin,753,623,130
5,Arkansas,56,Wyoming,107,242,-135
5,Arkansas,6,California,4807,3181,1626
5,Arkansas,72,Puerto Rico,297,48,249
5,Arkansas,8,Colorado,2087,1514,573
5,Arkansas,9,Connecticut,247,204,43
5,Arkansas,AFR,Africa,328,0,0
5,Arkansas,ASI,Asia,3617,0,0
5,Arkansas,CAM,Central America,1680,0,0
5,Arkansas,CAR,Caribbean,438,0,0
5,Arkansas,EUR,Europe,1466,0,0
5,Arkansas,ISL,U.S. Island Areas,74,0,0
5,Arkansas,NAM,Northern America,292,0,0
5,Arkansas,OCE,Oceania and At Sea,222,0,0
5,Arkansas,SAM,South America,1050,0,0
12,Florida,1,Alabama,11524,14362,-2838
12,Florida,10,Delaware,2317,1057,1260
12,Florida,11,District of Columbia,1416,1883,-467
12,Florida,13,Georgia,39554,43536,-3982
12,Florida,15,Hawaii,1696,2340,-644
12,Florida,16,Idaho,1164,906,258
12,Florida,17,Illinois,24113,12767,11346
12,Florida,18,Indiana,12872,8652,4220
12,Florida,19,Iowa,4280,3007,1273
12,Florida,2,Alaska,4713,1561,3152
12,Florida,20,Kansas,3016,3106,-90
12,Florida,21,Kentucky,8601,7536,1065
12,Florida,22,Louisiana,5772,5630,142
12,Florida,23,Maine,3613,2640,973
12,Florida,24,Maryland,16286,9416,6870
12,Florida,25,Massachusetts,17846,10697,7149
12,Florida,26,Michigan,21659,12753,8906
12,Florida,27,Minnesota,6112,3326,2786
12,Florida,28,Mississippi,5530,5135,395
12,Florida,29,Missouri,9640,6010,3630
12,Florida,30,Montana,684,815,-131
12,Florida,31,Nebraska,1666,2048,-382
12,Florida,32,Nevada,4786,5576,-790
12,Florida,33,New Hampshire,5001,2375,2626
12,Florida,34,New Jersey,29776,10444,19332
12,Florida,35,New Mexico,2733,1995,738
12,Florida,36,New York,61767,26274,35493
12,Florida,37,North Carolina,26137,28213,-2076
12,Florida,38,North Dakota,733,1010,-277
12,Florida,39,Ohio,25644,14972,10672
12,Florida,4,Arizona,7826,8315,-489
12,Florida,40,Oklahoma,4154,3728,426
12,Florida,41,Oregon,2029,2918,-889
12,Florida,42,Pennsylvania,29855,14759,15096
12,Florida,44,Rhode Island,3366,2702,664
12,Florida,45,South Carolina,12647,14265,-1618
12,Florida,46,South Dakota,813,443,370
12,Florida,47,Tennessee,15082,17497,-2415
12,Florida,48,Texas,28428,33704,-5276
12,Florida,49,Utah,3309,2428,881
12,Florida,5,Arkansas,3453,1903,1550
12,Florida,50,Vermont,1972,923,1049
12,Florida,51,Virginia,24883,21002,3881
12,Florida,53,Washington,5503,8640,-3137
12,Florida,54,West Virginia,3166,2596,570
12,Florida,55,Wisconsin,8441,4305,4136
12,Florida,56,Wyoming,440,604,-164
12,Florida,6,California,26323,25058,1265
12,Florida,72,Puerto Rico,25986,4490,21496
12,Florida,8,Colorado,9250,11048,-1798
12,Florida,9,Connecticut,12672,6060,6612
12,Florida,AFR,Africa,4164,0,0
12,Florida,ASI,Asia,28769,0,0
12,Florida,CAM,Central America,17760,0,0
12,Florida,CAR,Caribbean,45529,0,0
12,Florida,EUR,Europe,23952,0,0
12,Florida,ISL,U.S. Island Areas,2405,0,0
12,Florida,NAM,Northern America,20293,0,0
12,Florida,OCE,Oceania and At Sea,1534,0,0
12,Florida,SAM,South America,41503,0,0
13,Georgia,1,Alabama,17131,21417,-4286
13,Georgia,10,Delaware,1139,744,395
13,Georgia,11,District of Columbia,1031,1159,-128
13,Georgia,12,Florida,43536,39554,3982
13,Georgia,15,Hawaii,1317,1990,-673
13,Georgia,16,Idaho,752,488,264
13,Georgia,17,Illinois,8686,5284,3402
13,Georgia,18,Indiana,3522,3702,-180
13,Georgia,19,Iowa,1468,1268,200
13,Georgia,2,Alaska,1993,1126,867
13,Georgia,20,Kansas,3262,2360,902
13,Georgia,21,Kentucky,3734,4610,-876
13,Georgia,22,Louisiana,5035,4447,588
13,Georgia,23,Maine,567,435,132
13,Georgia,24,Maryland,4891,5934,-1043
13,Georgia,25,Massachusetts,3521,3088,433
13,Georgia,26,Michigan,6563,5675,888
13,Georgia,27,Minnesota,2039,2318,-279
13,Georgia,28,Mississippi,4786,4083,703
13,Georgia,29,Missouri,3078,2933,145
13,Georgia,30,Montana,196,307,-111
13,Georgia,31,Nebraska,692,882,-190
13,Georgia,32,Nevada,1515,1457,58
13,Georgia,33,New Hampshire,580,443,137
13,Georgia,34,New Jersey,6016,3247,2769
13,Georgia,35,New Mexico,1383,782,601
13,Georgia,36,New York,16749,7498,9251
13,Georgia,37,North Carolina,16128,19284,-3156
13,Georgia,38,North Dakota,175,301,-126
13,Georgia,39,Ohio,8865,4658,4207
13,Georgia,4,Arizona,4425,3792,633
13,Georgia,40,Oklahoma,2059,2366,-307
13,Georgia,41,Oregon,958,996,-38
13,Georgia,42,Pennsylvania,7124,5470,1654
13,Georgia,44,Rhode Island,477,719,-242
13,Georgia,45,South Carolina,15206,15273,-67
13,Georgia,46,South Dakota,185,213,-28
13,Georgia,47,Tennessee,17096,15660,1436
13,Georgia,48,Texas,17187,18746,-1559
13,Georgia,49,Utah,1435,1740,-305
13,Georgia,5,Arkansas,1866,2482,-616
13,Georgia,50,Vermont,266,138,128
13,Georgia,51,Virginia,11377,9209,2168
13,Georgia,53,Washington,2910,5069,-2159
13,Georgia,54,West Virginia,844,921,-77
13,Georgia,55,Wisconsin,3006,1524,1482
13,Georgia,56,Wyoming,448,232,216
13,Georgia,6,California,14597,10998,3599
13,Georgia,72,Puerto Rico,2689,342,2347
13,Georgia,8,Colorado,4391,5756,-1365
13,Georgia,9,Connecticut,3603,1545,2058
13,Georgia,AFR,Africa,5726,0,0
13,Georgia,ASI,Asia,25483,0,0
13,Georgia,CAM,Central America,6407,0,0
13,Georgia,CAR,Caribbean,2491,0,0
13,Georgia,EUR,Europe,7932,0,0
13,Georgia,ISL,U.S. Island Areas,742,0,0
13,Georgia,NAM,Northern America,1222,0,0
13,Georgia,OCE,Oceania and At Sea,758,0,0
13,Georgia,SAM,South America,3974,0,0
21,Kentucky,1,Alabama,1873,2173,-300
21,Kentucky,10,Delaware,159,87,72
21,Kentucky,11,District of Columbia,197,219,-22
21,Kentucky,12,Florida,7536,8601,-1065
21,Kentucky,13,Georgia,4610,3734,876
21,Kentucky,15,Hawaii,467,269,198
21,Kentucky,16,Idaho,180,341,-161
21,Kentucky,17,Illinois,5417,3276,2141
21,Kentucky,18,Indiana,11037,10032,1005
21,Kentucky,19,Iowa,967,462,505
21,Kentucky,2,Alaska,587,553,34
21,Kentucky,20,Kansas,1205,970,235
21,Kentucky,22,Louisiana,1006,921,85
21,Kentucky,23,Maine,290,299,-9
21,Kentucky,24,Maryland,1680,805,875
21,Kentucky,25,Massachusetts,694,675,19
21,Kentucky,26,Michigan,2871,2789,82
21,Kentucky,27,Minnesota,760,337,423
21,Kentucky,28,Mississippi,901,832,69
21,Kentucky,29,Missouri,2117,1866,251
21,Kentucky,30,Montana,37,97,-60
21,Kentucky,31,Nebraska,569,417,152
21,Kentucky,32,Nevada,467,889,-422
21,Kentucky,33,New Hampshire,332,207,125
21,Kentucky,34,New Jersey,508,410,98
21,Kentucky,35,New Mexico,614,257,357
21,Kentucky,36,New York,3037,1124,1913
21,Kentucky,37,North Carolina,3233,3192,41
21,Kentucky,38,North Dakota,56,114,-58
21,Kentucky,39,Ohio,15721,14451,1270
21,Kentucky,4,Arizona,1013,1771,-758
21,Kentucky,40,Oklahoma,800,1233,-433
21,Kentucky,41,Oregon,466,363,103
21,Kentucky,42,Pennsylvania,1930,1667,263
21,Kentucky,44,Rhode Island,86,99,-13
21,Kentucky,45,South Carolina,1265,2463,-1198
21,Kentucky,46,South Dakota,177,51,126
21,Kentucky,47,Tennessee,11192,11966,-774
21,Kentucky,48,Texas,5797,6376,-579
21,Kentucky,49,Utah,425,524,-99
21,Kentucky,5,Arkansas,496,1011,-515
21,Kentucky,50,Vermont,115,121,-6
21,Kentucky,51,Virginia,2719,3363,-644
21,Kentucky,53,Washington,1427,1394,33
21,Kentucky,54,West Virginia,2465,1596,869
21,Kentucky,55,Wisconsin,1039,882,157
21,Kentucky,56,Wyoming,266,144,122
21,Kentucky,6,California,4277,3589,688
21,Kentucky,72,Puerto Rico,956,86,870
21,Kentucky,8,Colorado,1614,1758,-144
21,Kentucky,9,Connecticut,373,254,119
21,Kentucky,AFR,Africa,1366,0,0
21,Kentucky,ASI,Asia,8217,0,0
21,Kentucky,CAM,Central America,2233,0,0
21,Kentucky,CAR,Caribbean,866,0,0
21,Kentucky,EUR,Europe,2095,0,0
21,Kentucky,NAM,Northern America,597,0,0
21,Kentucky,OCE,Oceania and At Sea,250,0,0
21,Kentucky,SAM,South America,705,0,0
22,Louisiana,1,Alabama,3805,1745,2060
22,Louisiana,10,Delaware,101,58,43
22,Louisiana,11,District of Columbia,214,529,-315
22,Louisiana,12,Florida,5630,5772,-142
22,Louisiana,13,Georgia,4447,5035,-588
22,Louisiana,15,Hawaii,647,536,111
22,Louisiana,16,Idaho,113,230,-117
22,Louisiana,17,Illinois,2571,1614,957
22,Louisiana,18,Indiana,460,831,-371
22,Louisiana,19,Iowa,600,380,220
22,Louisiana,2,Alaska,633,421,212
22,Louisiana,20,Kansas,727,811,-84
22,Louisiana,21,Kentucky,921,1006,-85
22,Louisiana,23,Maine,36,522,-486
22,Louisiana,24,Maryland,851,616,235
22,Louisiana,25,Massachusetts,698,559,139
22,Louisiana,26,Michigan,1762,1136,626
22,Louisiana,27,Minnesota,607,429,178
22,Louisiana,28,Mississippi,8471,7853,618
22,Louisiana,29,Missouri,1324,1697,-373
22,Louisiana,30,Montana,301,196,105
22,Louisiana,31,Nebraska,208,300,-92
22,Louisiana,32,Nevada,492,358,134
22,Louisiana,33,New Hampshire,193,209,-16
22,Louisiana,34,New Jersey,709,901,-192
22,Louisiana,35,New Mexico,340,619,-279
22,Louisiana,36,New York,2398,1498,900
22,Louisiana,37,North Carolina,2679,2103,576
22,Louisiana,38,North Dakota,212,218,-6
22,Louisiana,39,Ohio,1566,1331,235
22,Louisiana,4,Arizona,571,1441,-870
22,Louisiana,40,Oklahoma,1861,2027,-166
22,Louisiana,41,Oregon,863,1168,-305
22,Louisiana,42,Pennsylvania,901,941,-40
22,Louisiana,44,Rhode Island,124,312,-188
22,Louisiana,45,South Carolina,1076,1574,-498
22,Louisiana,46,South Dakota,171,306,-135
22,Louisiana,47,Tennessee,2426,3158,-732
22,Louisiana,48,Texas,20638,28288,-7650
22,Louisiana,49,Utah,453,429,24
22,Louisiana,5,Arkansas,2257,3260,-1003
22,Louisiana,50,Vermont,32,33,-1
22,Louisiana,51,Virginia,2514,2423,91
22,Louisiana,53,Washington,1568,1069,499
22,Louisiana,54,West Virginia,348,115,233
22,Louisiana,55,Wisconsin,534,553,-19
22,Louisiana,56,Wyoming,120,259,-139
22,Louisiana,6,California,4959,4970,-11
22,Louisiana,72,Puerto Rico,466,68,398
22,Louisiana,8,Colorado,1875,2858,-983
22,Louisiana,9,Connecticut,293,270,23
22,Louisiana,AFR,Africa,513,0,0
22,Louisiana,ASI,Asia,4868,0,0
22,Louisiana,CAM,Central America,3266,0,0
22,Louisiana,CAR,Caribbean,1069,0,0
22,Louisiana,EUR,Europe,3280,0,0
22,Louisiana,ISL,U.S. Island Areas,122,0,0
22,Louisiana,NAM,Northern America,370,0,0
22,Louisiana,OCE,Oceania and At Sea,227,0,0
22,Louisiana,SAM,South America,733,0,0
28,Mississippi,1,Alabama,6467,7087,-620
28,Mississippi,10,Delaware,64,76,-12
28,Mississippi,11,District of Columbia,25,139,-114
28,Mississippi,12,Florida,5135,5530,-395
28,Mississippi,13,Georgia,4083,4786,-703
28,Mississippi,15,Hawaii,355,167,188
28,Mississippi,16,Idaho,379,95,284
28,Mississippi,17,Illinois,2827,1928,899
28,Mississippi,18,Indiana,815,839,-24
28,Mississippi,19,Iowa,244,337,-93
28,Mississippi,2,Alaska,184,140,44
28,Mississippi,20,Kansas,222,169,53
28,Mississippi,21,Kentucky,832,901,-69
28,Mississippi,22,Louisiana,7853,8471,-618
28,Mississippi,23,Maine,67,10,57
28,Mississippi,24,Maryland,539,788,-249
28,Mississippi,25,Massachusetts,399,243,156
28,Mississippi,26,Michigan,1175,1324,-149
28,Mississippi,27,Minnesota,151,342,-191
28,Mississippi,29,Missouri,1230,1584,-354
28,Mississippi,30,Montana,253,188,65
28,Mississippi,31,Nebraska,513,138,375
28,Mississippi,32,Nevada,435,434,1
28,Mississippi,33,New Hampshire,67,156,-89
28,Mississippi,34,New Jersey,607,206,401
28,Mississippi,35,New Mexico,254,404,-150
28,Mississippi,36,New York,567,960,-393
28,Mississippi,37,North Carolina,1275,1323,-48
28,Mississippi,38,North Dakota,6,378,-372
28,Mississippi,39,Ohio,1024,928,96
28,Mississippi,4,Arizona,740,700,40
28,Mississippi,40,Oklahoma,760,1183,-423
28,Mississippi,41,Oregon,215,454,-239
28,Mississippi,42,Pennsylvania,784,661,123
28,Mississippi,44,Rhode Island,15,166,-151
28,Mississippi,45,South Carolina,1177,1168,9
28,Mississippi,46,South Dakota,11,36,-25
28,Mississippi,47,Tennessee,10436,9307,1129
28,Mississippi,48,Texas,6614,10401,-3787
28,Mississippi,49,Utah,115,609,-494
28,Mississippi,5,Arkansas,2045,2983,-938
28,Mississippi,50,Vermont,0,15,-15
28,Mississippi,51,Virginia,1062,1354,-292
28,Mississippi,53,Washington,1076,555,521
28,Mississippi,54,West Virginia,495,172,323
28,Mississippi,55,Wisconsin,579,618,-39
28,Mississippi,56,Wyoming,51,0,51
28,Mississippi,6,California,4240,2538,1702
28,Mississippi,72,Puerto Rico,493,54,439
28,Mississippi,8,Colorado,703,1060,-357
28,Mississippi,9,Connecticut,119,54,65
28,Mississippi,AFR,Africa,214,0,0
28,Mississippi,ASI,Asia,2721,0,0
28,Mississippi,CAM,Central America,1336,0,0
28,Mississippi,CAR,Caribbean,849,0,0
28,Mississippi,EUR,Europe,728,0,0
28,Mississippi,ISL,U.S. Island Areas,33,0,0
28,Mississippi,NAM,Northern America,195,0,0
28,Mississippi,OCE,Oceania and At Sea,144,0,0
28,Mississippi,SAM,South America,421,0,0
37,North Carolina,1,Alabama,3882,4319,-437
37,North Carolina,10,Delaware,1235,936,299
37,North Carolina,11,District of Columbia,2125,1570,555
37,North Carolina,12,Florida,28213,26137,2076
37,North Carolina,13,Georgia,19284,16128,3156
37,North Carolina,15,Hawaii,1960,1975,-15
37,North Carolina,16,Idaho,643,899,-256
37,North Carolina,17,Illinois,7274,4930,2344
37,North Carolina,18,Indiana,3514,3652,-138
37,North Carolina,19,Iowa,1446,1225,221
37,North Carolina,2,Alaska,2270,1266,1004
37,North Carolina,20,Kansas,1956,1804,152
37,North Carolina,21,Kentucky,3192,3233,-41
37,North Carolina,22,Louisiana,2103,2679,-576
37,North Carolina,23,Maine,1324,798,526
37,North Carolina,24,Maryland,10379,7754,2625
37,North Carolina,25,Massachusetts,5801,3181,2620
37,North Carolina,26,Michigan,6002,4057,1945
37,North Carolina,27,Minnesota,2482,1607,875
37,North Carolina,28,Mississippi,1323,1275,48
37,North Carolina,29,Missouri,3159,3418,-259
37,North Carolina,30,Montana,476,668,-192
37,North Carolina,31,Nebraska,842,471,371
37,North Carolina,32,Nevada,1748,1880,-132
37,North Carolina,33,New Hampshire,1228,739,489
37,North Carolina,34,New Jersey,11152,3664,7488
37,North Carolina,35,New Mexico,1100,689,411
37,North Carolina,36,New York,25267,10270,14997
37,North Carolina,38,North Dakota,510,145,365
37,North Carolina,39,Ohio,9739,8474,1265
37,North Carolina,4,Arizona,4682,3882,800
37,North Carolina,40,Oklahoma,1573,1915,-342
37,North Carolina,41,Oregon,1299,1524,-225
37,North Carolina,42,Pennsylvania,12633,8239,4394
37,North Carolina,44,Rhode Island,799,957,-158
37,North Carolina,45,South Carolina,26869,29212,-2343
37,North Carolina,46,South Dakota,595,272,323
37,North Carolina,47,Tennessee,7696,10060,-2364
37,North Carolina,48,Texas,13385,14651,-1266
37,North Carolina,49,Utah,977,1335,-358
37,North Carolina,5,Arkansas,865,1257,-392
37,North Carolina,50,Vermont,624,431,193
37,North Carolina,51,Virginia,30914,22097,8817
37,North Carolina,53,Washington,3646,5272,-1626
37,North Carolina,54,West Virginia,3605,2431,1174
37,North Carolina,55,Wisconsin,1983,2030,-47
37,North Carolina,56,Wyoming,291,165,126
37,North Carolina,6,California,18037,12934,5103
37,North Carolina,72,Puerto Rico,1726,400,1326
37,North Carolina,8,Colorado,4305,5304,-999
37,North Carolina,9,Connecticut,5684,1573,4111
37,North Carolina,AFR,Africa,3820,0,0
37,North Carolina,ASI,Asia,23535,0,0
37,North Carolina,CAM,Central America,6869,0,0
37,North Carolina,CAR,Caribbean,2126,0,0
37,North Carolina,EUR,Europe,8974,0,0
37,North Carolina,ISL,U.S. Island Areas,517,0,0
37,North Carolina,NAM,Northern America,1046,0,0
37,North Carolina,OCE,Oceania and At Sea,723,0,0
37,North Carolina,SAM,South America,2350,0,0
45,South Carolina,1,Alabama,2408,2071,337
45,South Carolina,10,Delaware,351,409,-58
45,South Carolina,11,District of Columbia,630,576,54
45,South Carolina,12,Florida,14265,12647,1618
45,South Carolina,13,Georgia,15273,15206,67
45,South Carolina,15,Hawaii,691,1237,-546
45,South Carolina,16,Idaho,600,227,373
45,South Carolina,17,Illinois,3342,1530,1812
45,South Carolina,18,Indiana,2487,1295,1192
45,South Carolina,19,Iowa,374,462,-88
45,South Carolina,2,Alaska,618,485,133
45,South Carolina,20,Kansas,872,533,339
45,South Carolina,21,Kentucky,2463,1265,1198
45,South Carolina,22,Louisiana,1574,1076,498
45,South Carolina,23,Maine,1191,339,852
45,South Carolina,24,Maryland,4455,1996,2459
45,South Carolina,25,Massachusetts,2584,1351,1233
45,South Carolina,26,Michigan,3329,2388,941
45,South Carolina,27,Minnesota,964,483,481
45,South Carolina,28,Mississippi,1168,1177,-9
45,South Carolina,29,Missouri,2025,1454,571
45,South Carolina,30,Montana,244,108,136
45,South Carolina,31,Nebraska,299,389,-90
45,South Carolina,32,Nevada,633,977,-344
45,South Carolina,33,New Hampshire,932,144,788
45,South Carolina,34,New Jersey,5357,1558,3799
45,South Carolina,35,New Mexico,520,790,-270
45,South Carolina,36,New York,9951,5435,4516
45,South Carolina,37,North Carolina,29212,26869,2343
45,South Carolina,38,North Dakota,157,264,-107
45,South Carolina,39,Ohio,6390,2528,3862
45,South Carolina,4,Arizona,1887,1263,624
45,South Carolina,40,Oklahoma,1146,1018,128
45,South Carolina,41,Oregon,546,631,-85
45,South Carolina,42,Pennsylvania,7945,3165,4780
45,South Carolina,44,Rhode Island,717,466,251
45,South Carolina,46,South Dakota,274,203,71
45,South Carolina,47,Tennessee,4157,4387,-230
45,South Carolina,48,Texas,7058,6928,130
45,South Carolina,49,Utah,571,969,-398
45,South Carolina,5,Arkansas,1071,396,675
45,South Carolina,50,Vermont,209,83,126
45,South Carolina,51,Virginia,8076,7616,460
45,South Carolina,53,Washington,2241,2516,-275
45,South Carolina,54,West Virginia,1890,982,908
45,South Carolina,55,Wisconsin,1137,742,395
45,South Carolina,56,Wyoming,112,61,51
45,South Carolina,6,California,6618,6187,431
45,South Carolina,72,Puerto Rico,964,126,838
45,South Carolina,8,Colorado,2428,1797,631
45,South Carolina,9,Connecticut,3557,992,2565
45,South Carolina,AFR,Africa,1833,0,0
45,South Carolina,ASI,Asia,7175,0,0
45,South Carolina,CAM,Central America,2770,0,0
45,South Carolina,CAR,Caribbean,930,0,0
45,South Carolina,EUR,Europe,3530,0,0
45,South Carolina,ISL,U.S. Island Areas,325,0,0
45,South Carolina,NAM,Northern America,975,0,0
45,South Carolina,OCE,Oceania and At Sea,239,0,0
45,South Carolina,SAM,South America,753,0,0
47,Tennessee,1,Alabama,8697,8167,530
47,Tennessee,10,Delaware,385,220,165
47,Tennessee,11,District of Columbia,574,655,-81
47,Tennessee,12,Florida,17497,15082,2415
47,Tennessee,13,Georgia,15660,17096,-1436
47,Tennessee,15,Hawaii,738,820,-82
47,Tennessee,16,Idaho,931,688,243
47,Tennessee,17,Illinois,9579,5320,4259
47,Tennessee,18,Indiana,5466,3565,1901
47,Tennessee,19,Iowa,798,1046,-248
47,Tennessee,2,Alaska,1063,385,678
47,Tennessee,20,Kansas,1689,1250,439
47,Tennessee,21,Kentucky,11966,11192,774
47,Tennessee,22,Louisiana,3158,2426,732
47,Tennessee,23,Maine,928,208,720
47,Tennessee,24,Maryland,1826,1438,388
47,Tennessee,25,Massachusetts,2155,773,1382
47,Tennessee,26,Michigan,5476,5056,420
47,Tennessee,27,Minnesota,1616,1426,190
47,Tennessee,28,Mississippi,9307,10436,-1129
47,Tennessee,29,Missouri,3568,3026,542
47,Tennessee,30,Montana,266,98,168
47,Tennessee,31,Nebraska,507,391,116
47,Tennessee,32,Nevada,653,1094,-441
47,Tennessee,33,New Hampshire,248,158,90
47,Tennessee,34,New Jersey,1300,1140,160
47,Tennessee,35,New Mexico,380,670,-290
47,Tennessee,36,New York,4836,2736,2100
47,Tennessee,37,North Carolina,10060,7696,2364
47,Tennessee,38,North Dakota,186,428,-242
47,Tennessee,39,Ohio,5662,5884,-222
47,Tennessee,4,Arizona,2554,2468,86
47,Tennessee,40,Oklahoma,1963,1659,304
47,Tennessee,41,Oregon,797,1029,-232
47,Tennessee,42,Pennsylvania,3105,2835,270
47,Tennessee,44,Rhode Island,250,397,-147
47,Tennessee,45,South Carolina,4387,4157,230
47,Tennessee,46,South Dakota,296,509,-213
47,Tennessee,48,Texas,11439,14342,-2903
47,Tennessee,49,Utah,613,1032,-419
47,Tennessee,5,Arkansas,5796,4655,1141
47,Tennessee,50,Vermont,316,140,176
47,Tennessee,51,Virginia,7832,6556,1276
47,Tennessee,53,Washington,1947,2000,-53
47,Tennessee,54,West Virginia,1238,1132,106
47,Tennessee,55,Wisconsin,1675,1829,-154
47,Tennessee,56,Wyoming,203,193,10
47,Tennessee,6,California,9041,6345,2696
47,Tennessee,72,Puerto Rico,655,198,457
47,Tennessee,8,Colorado,1946,2796,-850
47,Tennessee,9,Connecticut,1045,642,403
47,Tennessee,AFR,Africa,2150,0,0
47,Tennessee,ASI,Asia,10019,0,0
47,Tennessee,CAM,Central America,4480,0,0
47,Tennessee,CAR,Caribbean,889,0,0
47,Tennessee,EUR,Europe,4462,0,0
47,Tennessee,ISL,U.S. Island Areas,308,0,0
47,Tennessee,NAM,Northern America,901,0,0
47,Tennessee,OCE,Oceania and At Sea,584,0,0
47,Tennessee,SAM,South America,1069,0,0
48,Texas,1,Alabama,7839,6687,1152
48,Texas,10,Delaware,1219,700,519
48,Texas,11,District of Columbia,1425,1850,-425
48,Texas,12,Florida,33704,28428,5276
48,Texas,13,Georgia,18746,17187,1559
48,Texas,15,Hawaii,4807,4387,420
48,Texas,16,Idaho,2155,2854,-699
48,Texas,17,Illinois,24393,12036,12357
48,Texas,18,Indiana,9323,7174,2149
48,Texas,19,Iowa,6055,3728,2327
48,Texas,2,Alaska,5025,2640,2385
48,Texas,20,Kansas,10418,9436,982
48,Texas,21,Kentucky,6376,5797,579
48,Texas,22,Louisiana,28288,20638,7650
48,Texas,23,Maine,1066,915,151
48,Texas,24,Maryland,9792,5481,4311
48,Texas,25,Massachusetts,6180,4248,1932
48,Texas,26,Michigan,9946,8413,1533
48,Texas,27,Minnesota,6935,5095,1840
48,Texas,28,Mississippi,10401,6614,3787
48,Texas,29,Missouri,15174,10857,4317
48,Texas,30,Montana,1127,2571,-1444
48,Texas,31,Nebraska,4061,3630,431
48,Texas,32,Nevada,7863,4676,3187
48,Texas,33,New Hampshire,1315,1059,256
48,Texas,34,New Jersey,8503,4868,3635
48,Texas,35,New Mexico,17518,15135,2383
48,Texas,36,New York,21083,11744,9339
48,Texas,37,North Carolina,14651,13385,1266
48,Texas,38,North Dakota,1231,2289,-1058
48,Texas,39,Ohio,11887,9695,2192
48,Texas,4,Arizona,18055,14272,3783
48,Texas,40,Oklahoma,26127,28686,-2559
48,Texas,41,Oregon,3994,6504,-2510
48,Texas,42,Pennsylvania,11892,8868,3024
48,Texas,44,Rhode Island,1138,894,244
48,Texas,45,South Carolina,6928,7058,-130
48,Texas,46,South Dakota,1433,1399,34
48,Texas,47,Tennessee,14342,11439,2903
48,Texas,49,Utah,6868,6335,533
48,Texas,5,Arkansas,13600,15042,-1442
48,Texas,50,Vermont,439,356,83
48,Texas,51,Virginia,17168,14922,2246
48,Texas,53,Washington,11835,13761,-1926
48,Texas,54,West Virginia,1823,1366,457
48,Texas,55,Wisconsin,6078,4436,1642
48,Texas,56,Wyoming,2149,2037,112
48,Texas,6,California,66399,38439,27960
48,Texas,72,Puerto Rico,6722,1037,5685
48,Texas,8,Colorado,20099,22800,-2701
48,Texas,9,Connecticut,2645,2318,327
48,Texas,AFR,Africa,16919,0,0
48,Texas,ASI,Asia,75184,0,0
48,Texas,CAM,Central America,64616,0,0
48,Texas,CAR,Caribbean,6781,0,0
48,Texas,EUR,Europe,23497,0,0
48,Texas,ISL,U.S. Island Areas,2319,0,0
48,Texas,NAM,Northern America,5946,0,0
48,Texas,OCE,Oceania and At Sea,3181,0,0
48,Texas,SAM,South America,12707,0,0
51,Virginia,1,Alabama,3050,3480,-430
51,Virginia,10,Delaware,1283,1194,89
51,Virginia,11,District of Columbia,10617,8623,1994
51,Virginia,12,Florida,21002,24883,-3881
51,Virginia,13,Georgia,9209,11377,-2168
51,Virginia,15,Hawaii,3333,2442,891
51,Virginia,16,Idaho,367,756,-389
51,Virginia,17,Illinois,6778,5360,1418
51,Virginia,18,Indiana,2492,2443,49
51,Virginia,19,Iowa,950,785,165
51,Virginia,2,Alaska,1770,523,1247
51,Virginia,20,Kansas,1828,1864,-36
51,Virginia,21,Kentucky,3363,2719,644
51,Virginia,22,Louisiana,2423,2514,-91
51,Virginia,23,Maine,1060,682,378
51,Virginia,24,Maryland,27553,23213,4340
51,Virginia,25,Massachusetts,4448,4515,-67
51,Virginia,26,Michigan,3414,2681,733
51,Virginia,27,Minnesota,2271,1928,343
51,Virginia,28,Mississippi,1354,1062,292
51,Virginia,29,Missouri,2792,2465,327
51,Virginia,30,Montana,254,371,-117
51,Virginia,31,Nebraska,988,931,57
51,Virginia,32,Nevada,1329,1606,-277
51,Virginia,33,New Hampshire,742,676,66
51,Virginia,34,New Jersey,8890,4649,4241
51,Virginia,35,New Mexico,1288,1410,-122
51,Virginia,36,New York,15267,10143,5124
51,Virginia,37,North Carolina,22097,30914,-8817
51,Virginia,38,North Dakota,563,256,307
51,Virginia,39,Ohio,6331,6643,-312
51,Virginia,4,Arizona,3064,4515,-1451
51,Virginia,40,Oklahoma,2112,1403,709
51,Virginia,41,Oregon,733,2729,-1996
51,Virginia,42,Pennsylvania,13570,10647,2923
51,Virginia,44,Rhode Island,1485,872,613
51,Virginia,45,South Carolina,7616,8076,-460
51,Virginia,46,South Dakota,176,537,-361
51,Virginia,47,Tennessee,6556,7832,-1276
51,Virginia,48,Texas,14922,17168,-2246
51,Virginia,49,Utah,2084,2190,-106
51,Virginia,5,Arkansas,695,1012,-317
51,Virginia,50,Vermont,586,399,187
51,Virginia,53,Washington,4723,5717,-994
51,Virginia,54,West Virginia,6499,6062,437
51,Virginia,55,Wisconsin,1498,1747,-249
51,Virginia,56,Wyoming,153,376,-223
51,Virginia,6,California,17723,15900,1823
51,Virginia,72,Puerto Rico,1880,621,1259
51,Virginia,8,Colorado,3753,6668,-2915
51,Virginia,9,Connecticut,3742,2514,1228
51,Virginia,AFR,Africa,6130,0,0
51,Virginia,ASI,Asia,33951,0,0
51,Virginia,CAM,Central America,6025,0,0
51,Virginia,CAR,Caribbean,1518,0,0
51,Virginia,EUR,Europe,14547,0,0
51,Virginia,ISL,U.S. Island Areas,620,0,0
51,Virginia,NAM,Northern America,1071,0,0
51,Virginia,OCE,Oceania and At Sea,1637,0,0
51,Virginia,SAM,South America,4190,0,0
54,West Virginia,1,Alabama,268,585,-317
54,West Virginia,10,Delaware,198,179,19
54,West Virginia,11,District of Columbia,581,338,243
54,West Virginia,12,Florida,2596,3166,-570
54,West Virginia,13,Georgia,921,844,77
54,West Virginia,15,Hawaii,0,27,-27
54,West Virginia,16,Idaho,94,137,-43
54,West Virginia,17,Illinois,308,642,-334
54,West Virginia,18,Indiana,536,294,242
54,West Virginia,19,Iowa,52,211,-159
54,West Virginia,2,Alaska,622,49,573
54,West Virginia,20,Kansas,119,175,-56
54,West Virginia,21,Kentucky,1596,2465,-869
54,West Virginia,22,Louisiana,115,348,-233
54,West Virginia,23,Maine,135,75,60
54,West Virginia,24,Maryland,6202,3527,2675
54,West Virginia,25,Massachusetts,170,230,-60
54,West Virginia,26,Michigan,726,531,195
54,West Virginia,27,Minnesota,139,406,-267
54,West Virginia,28,Mississippi,172,495,-323
54,West Virginia,29,Missouri,255,438,-183
54,West Virginia,30,Montana,89,62,27
54,West Virginia,31,Nebraska,97,48,49
54,West Virginia,32,Nevada,51,181,-130
54,West Virginia,33,New Hampshire,156,249,-93
54,West Virginia,34,New Jersey,739,444,295
54,West Virginia,35,New Mexico,115,79,36
54,West Virginia,36,New York,876,985,-109
54,West Virginia,37,North Carolina,2431,3605,-1174
54,West Virginia,38,North Dakota,25,67,-42
54,West Virginia,39,Ohio,7151,9000,-1849
54,West Virginia,4,Arizona,110,407,-297
54,West Virginia,40,Oklahoma,165,296,-131
54,West Virginia,41,Oregon,91,82,9
54,West Virginia,42,Pennsylvania,4680,4307,373
54,West Virginia,44,Rhode Island,59,20,39
54,West Virginia,45,South Carolina,982,1890,-908
54,West Virginia,46,South Dakota,26,38,-12
54,West Virginia,47,Tennessee,1132,1238,-106
54,West Virginia,48,Texas,1366,1823,-457
54,West Virginia,49,Utah,205,100,105
54,West Virginia,5,Arkansas,167,146,21
54,West Virginia,50,Vermont,24,44,-20
54,West Virginia,51,Virginia,6062,6499,-437
54,West Virginia,53,Washington,163,435,-272
54,West Virginia,55,Wisconsin,193,200,-7
54,West Virginia,56,Wyoming,0,43,-43
54,West Virginia,6,California,1225,702,523
54,West Virginia,72,Puerto Rico,226,0,226
54,West Virginia,8,Colorado,458,368,90
54,West Virginia,9,Connecticut,352,90,262
54,West Virginia,AFR,Africa,315,0,0
54,West Virginia,ASI,Asia,1731,0,0
54,West Virginia,CAM,Central America,246,0,0
54,West Virginia,CAR,Caribbean,92,0,0
54,West Virginia,EUR,Europe,742,0,0
54,West Virginia,ISL,U.S. Island Areas,4,0,0
54,West Virginia,NAM,Northern America,89,0,0
54,West Virginia,OCE,Oceania and At Sea,36,0,0
54,West Virginia,SAM,South America,31,0,0
